{"RN50 - openai": {"RMSE": 0.7550726667995262, "Pearson": 0.4831847097014546}, "RN50 - yfcc15m": {"RMSE": 0.8602178827474928, "Pearson": 0.49521195590546074}, "RN101 - openai": {"RMSE": 0.7540522515441372, "Pearson": 0.7116205657328163}, "RN101 - yfcc15m": {"RMSE": 0.9892305493230206, "Pearson": 0.459863885989236}, "ViT-B-32 - openai": {"RMSE": 1.008044922174898, "Pearson": 0.04097946149058333}, "ViT-B-32 - laion2b_s34b_b79k": {"RMSE": 0.8888306660620051, "Pearson": -0.043670473686675926}, "ViT-B-16 - openai": {"RMSE": 1.0740887330576991, "Pearson": 0.0515407930687555}, "ViT-B-16 - laion2b_s34b_b88k": {"RMSE": 0.8744843426077509, "Pearson": -0.2753039217737795}, "ViT-L-14 - openai": {"RMSE": 1.25859301680161, "Pearson": -0.1760300859691925}, "ViT-L-14 - laion2b_s32b_b82k": {"RMSE": 0.8297092632301399, "Pearson": 0.19244591185191517}, "convnext_base_w - laion2b_s13b_b82k": {"RMSE": 0.745759103835264, "Pearson": -0.392352203637728}, "convnext_base_w - laion2b_s13b_b82k_augreg": {"RMSE": 0.9095113129512442, "Pearson": 0.14612720547832886}, "convnext_large_d - laion2b_s26b_b102k_augreg": {"RMSE": 0.8006282365126606, "Pearson": -0.34427225889508384}, "convnext_xxlarge - laion2b_s34b_b82k_augreg": {"RMSE": 0.9572808295191414, "Pearson": 0.06284586159189551}}