{"mask_contrast_list": [0.00789296936858555, 0.015851603035923777, 0.031833403182067725, 0.06310302577988455, 0.09488950005299583, 0.12509038713049944, 0.2512424490265345, 0.3827918739820748, 0.5113169642218991], "test_contrast_list": [0.013701524937679, 0.014448579761322324, 0.01865471422938335, 0.028443883066337522, 0.0338057060601832, 0.05059777456057627, 0.08829880952500345, 0.1463292887686435, 0.191419689190795]}