{"average_reference_contrast": [0.629620756804053, 0.3172742535464411, 0.15988458548572176, 0.08057388865950685, 0.04057959801817275, 0.0204473567267392, 0.009956352732490851, 0.0051028495869051005], "ref_contrast_index_0": {"x_test_frequency": [0.25, 0.5, 1, 2, 5, 10, 15, 20, 25], "y_test_contrast_average": [0.6618163322772918, 0.6467075337280763, 0.6543139484929483, 0.617336340708057, 0.6362213537078092, 0.6362213537078092, 0.6587419176618864, 0.8116291749696322, 0.6820596503966944]}, "ref_contrast_index_1": {"x_test_frequency": [0.25, 0.5, 1, 2, 5, 10, 15, 20, 25], "y_test_contrast_average": [0.3927536247454078, 0.2617608168933862, 0.2304366862830029, 0.2679545611275092, 0.3172978097735642, 0.3064502753660728, 0.3521991060842636, 0.3521991060842636, 0.3521991060842636]}, "ref_contrast_index_2": {"x_test_frequency": [0.25, 0.5, 1, 2, 5, 10, 15, 20, 25], "y_test_contrast_average": [0.1892269408082681, 0.1176047356737337, 0.1149199027781567, 0.1290615759705606, 0.1582435099047906, 0.1582435099047906, 0.1818670995336095, 0.1883047169168044, 0.1756495664810196]}, "ref_contrast_index_3": {"x_test_frequency": [0.25, 0.5, 1, 2, 5, 10, 15, 20, 25], "y_test_contrast_average": [0.1162715623764768, 0.0722628939687436, 0.0419052572708062, 0.0690011342286421, 0.0762215334373831, 0.0577060323518851, 0.0789195754135768, 0.115707732260186, 0.1476086439485835]}, "ref_contrast_index_4": {"x_test_frequency": [0.25, 0.5, 1, 2, 5, 10, 15, 20, 25], "y_test_contrast_average": [0.0911420469725895, 0.0476155147539766, 0.0240183635469684, 0.0356293317330154, 0.0354586664131178, 0.0287792881664022, 0.0407521598690748, 0.0577060323518851, 0.1284350493883242]}, "ref_contrast_index_5": {"x_test_frequency": [0.25, 0.5, 1, 2, 5, 10, 15, 20, 25], "y_test_contrast_average": [0.0666420596653338, 0.0263581890120938, 0.0158215705168266, 0.0204212621096417, 0.0176840295045187, 0.0159316242796267, 0.0241849256172641, 0.0538278580160398, 0.1117520049647441]}, "ref_contrast_index_6": {"x_test_frequency": [0.25, 0.5, 1, 2, 5, 10, 15, 20, 25], "y_test_contrast_average": [0.0560027454570052, 0.0221501399771379, 0.0107910470703005, 0.0105446951016822, 0.0088194207834335, 0.0088194207834335, 0.0203240130100035, 0.0436882599919409, 0.0972360011781606]}, "ref_contrast_index_7": {"x_test_frequency": [0.25, 0.5, 1, 2, 5, 10, 15, 20, 25], "y_test_contrast_average": [0.0423981365879729, 0.0161959380876738, 0.0073621479208575, 0.0054448444072878, 0.0058097221595461, 0.0066770341411695, 0.0176840295045187, 0.0436882599919409, 0.0972360011781606]}}